<component name="URLResponse" extends="node">
    <script type="text/brightscript" uri="URLResponse.brs"/>
    <script type="text/brightscript" uri="pkg:/components/NetworkManager/util.brs"/>

    <interface>
        <field id="arrayData" type="array"/>
        <field id="data" type="assocarray"/>
        <field id="error" type="assocarray"/>
        <field id="context" type="assocarray"/>
        <field id="isSuccess" type="boolean" value="true"/>
                
        <function name="initWithResponse"/>
    </interface>
</component>